Products_Available,,
Stationary, Fitness, Home Decor
Stationary, Stationary,
Fitness, Electronics, Electronics
Stationary, Fitness, Books
Home Decor, Books, Clothing
Fitness, Books, Home Decor
Home Decor, Electronics, Electronics
Clothing, Electronics, Books
Electronics,,
Fitness, Fitness,
Clothing, Books,
Home Decor, Clothing, Electronics
Clothing,,
Stationary,,
Fitness,,
Fitness, Electronics, Electronics
Books, Books, Home Decor
Electronics, Home Decor,
Electronics, Home Decor, Stationary
Books, Stationary,
Books,,
Fitness,,
Stationary, Clothing,
Stationary, Books,
Electronics,,
Home Decor,,
Stationary,,
Home Decor,,
Books, Electronics, Electronics
Books, Stationary, Fitness
Stationary, Stationary,
Stationary, Fitness,
Stationary, Books, Books
Fitness, Stationary,
Home Decor,,
Electronics, Fitness, Home Decor
Books,,
Electronics, Electronics, Home Decor
Fitness, Stationary,
Stationary,,
Home Decor, Electronics, Fitness
Electronics,,
Fitness, Fitness,
Home Decor, Electronics, Home Decor
Fitness, Fitness, Fitness
Books,,
Electronics, Clothing,
Stationary, Clothing, Books
Clothing, Fitness,
Fitness, Clothing,